module,informant,diagnosis_label,status,merged_var,version_note,two_zero_only_flag
adhd,parent,Attention,partial_remission,mh_p_ksads__adhd__partrem_dx,Merged in 7.0 BIDS: 1.0 and 2.0 pooled in the same column across waves (ses-00A/01A/02A = 1.0; ses-03A+ = 2.0). Legacy ksads_{V}_{id} item-ids are not exposed.,
adhd,parent,Attention,past,mh_p_ksads__adhd__past_dx,Merged in 7.0 BIDS: 1.0 and 2.0 pooled in the same column across waves (ses-00A/01A/02A = 1.0; ses-03A+ = 2.0). Legacy ksads_{V}_{id} item-ids are not exposed.,
adhd,parent,Attention,present,mh_p_ksads__adhd__pres_dx,Merged in 7.0 BIDS: 1.0 and 2.0 pooled in the same column across waves (ses-00A/01A/02A = 1.0; ses-03A+ = 2.0). Legacy ksads_{V}_{id} item-ids are not exposed.,
adhd,parent,Attention,unknown,mh_p_ksads__adhd__fullrem_dx,Merged in 7.0 BIDS: 1.0 and 2.0 pooled in the same column across waves (ses-00A/01A/02A = 1.0; ses-03A+ = 2.0). Legacy ksads_{V}_{id} item-ids are not exposed.,
adhd,parent,Other specified attention,unknown,mh_p_ksads__adhd__oth_dx,Merged in 7.0 BIDS: 1.0 and 2.0 pooled in the same column across waves (ses-00A/01A/02A = 1.0; ses-03A+ = 2.0). Legacy ksads_{V}_{id} item-ids are not exposed.,
adhd,parent,Unspecified Attention,unknown,mh_p_ksads__adhd__unspec_dx,Merged in 7.0 BIDS: 1.0 and 2.0 pooled in the same column across waves (ses-00A/01A/02A = 1.0; ses-03A+ = 2.0). Legacy ksads_{V}_{id} item-ids are not exposed.,
agor,parent,Agoraphobia,past,mh_p_ksads__agor__past_dx,Merged in 7.0 BIDS: 1.0 and 2.0 pooled in the same column across waves (ses-00A/01A/02A = 1.0; ses-03A+ = 2.0). Legacy ksads_{V}_{id} item-ids are not exposed.,
agor,parent,Agoraphobia,present,mh_p_ksads__agor__pres_dx,Merged in 7.0 BIDS: 1.0 and 2.0 pooled in the same column across waves (ses-00A/01A/02A = 1.0; ses-03A+ = 2.0). Legacy ksads_{V}_{id} item-ids are not exposed.,
agor,parent,"Other specified anxiety disorder, agoraphobia",unknown,mh_p_ksads__agor__oth_dx,Merged in 7.0 BIDS: 1.0 and 2.0 pooled in the same column across waves (ses-00A/01A/02A = 1.0; ses-03A+ = 2.0). Legacy ksads_{V}_{id} item-ids are not exposed.,
asd,parent,Autism spectrum disorder,unknown,mh_p_ksads__asd_dx,Merged in 7.0 BIDS: 1.0 and 2.0 pooled in the same column across waves (ses-00A/01A/02A = 1.0; ses-03A+ = 2.0). Legacy ksads_{V}_{id} item-ids are not exposed.,ASD (parent report only) — added in KSADS-COMP 2.0; no 1.0 equivalent
asd,parent,"Other specified neurodevelopmental disorder, autism spectrum disorder",unknown,mh_p_ksads__asd__oth_dx,Merged in 7.0 BIDS: 1.0 and 2.0 pooled in the same column across waves (ses-00A/01A/02A = 1.0; ses-03A+ = 2.0). Legacy ksads_{V}_{id} item-ids are not exposed.,ASD (parent report only) — added in KSADS-COMP 2.0; no 1.0 equivalent
bpd,parent,"Bipolar I disorder, current episode depressed",present,mh_p_ksads__bpd__bpd1__curdep__pres_dx,Merged in 7.0 BIDS: 1.0 and 2.0 pooled in the same column across waves (ses-00A/01A/02A = 1.0; ses-03A+ = 2.0). Legacy ksads_{V}_{id} item-ids are not exposed.,
bpd,youth,"Bipolar I disorder, current episode depressed",present,mh_y_ksads__bpd__bpd1__curdep__pres_dx,Merged in 7.0 BIDS: 1.0 and 2.0 pooled in the same column across waves (ses-00A/01A/02A = 1.0; ses-03A+ = 2.0). Legacy ksads_{V}_{id} item-ids are not exposed.,
bpd,parent,"Bipolar I disorder, current episode manic",present,mh_p_ksads__bpd__bpd1__curmanic__pres_dx,Merged in 7.0 BIDS: 1.0 and 2.0 pooled in the same column across waves (ses-00A/01A/02A = 1.0; ses-03A+ = 2.0). Legacy ksads_{V}_{id} item-ids are not exposed.,
bpd,youth,"Bipolar I disorder, current episode manic",present,mh_y_ksads__bpd__bpd1__curmanic__pres_dx,Merged in 7.0 BIDS: 1.0 and 2.0 pooled in the same column across waves (ses-00A/01A/02A = 1.0; ses-03A+ = 2.0). Legacy ksads_{V}_{id} item-ids are not exposed.,
bpd,parent,"Bipolar I disorder, currently depressed",partial_remission,mh_p_ksads__bpd__bpd1__curdep__partrem_dx,Merged in 7.0 BIDS: 1.0 and 2.0 pooled in the same column across waves (ses-00A/01A/02A = 1.0; ses-03A+ = 2.0). Legacy ksads_{V}_{id} item-ids are not exposed.,
bpd,youth,"Bipolar I disorder, currently depressed",partial_remission,mh_y_ksads__bpd__bpd1__curdep__partrem_dx,Merged in 7.0 BIDS: 1.0 and 2.0 pooled in the same column across waves (ses-00A/01A/02A = 1.0; ses-03A+ = 2.0). Legacy ksads_{V}_{id} item-ids are not exposed.,
bpd,parent,"Bipolar I disorder, currently hypomanic",present,mh_p_ksads__bpd__bpd1__curhypo__pres_dx,Merged in 7.0 BIDS: 1.0 and 2.0 pooled in the same column across waves (ses-00A/01A/02A = 1.0; ses-03A+ = 2.0). Legacy ksads_{V}_{id} item-ids are not exposed.,
bpd,youth,"Bipolar I disorder, currently hypomanic",present,mh_y_ksads__bpd__bpd1__curhypo__pres_dx,Merged in 7.0 BIDS: 1.0 and 2.0 pooled in the same column across waves (ses-00A/01A/02A = 1.0; ses-03A+ = 2.0). Legacy ksads_{V}_{id} item-ids are not exposed.,
bpd,parent,"Bipolar I disorder, most recent episode manic/depressed/mixed",present,mh_p_ksads__bpd__bpd1__rcnt__manicmix__pres_dx,Merged in 7.0 BIDS: 1.0 and 2.0 pooled in the same column across waves (ses-00A/01A/02A = 1.0; ses-03A+ = 2.0). Legacy ksads_{V}_{id} item-ids are not exposed.,
bpd,youth,"Bipolar I disorder, most recent episode manic/depressed/mixed",present,mh_y_ksads__bpd__bpd1__rcnt__manicmix__pres_dx,Merged in 7.0 BIDS: 1.0 and 2.0 pooled in the same column across waves (ses-00A/01A/02A = 1.0; ses-03A+ = 2.0). Legacy ksads_{V}_{id} item-ids are not exposed.,
bpd,parent,"Bipolar I disorder, most recent past episode depressed",present,mh_p_ksads__bpd__bpd1__rcnt__dep__pres_dx,Merged in 7.0 BIDS: 1.0 and 2.0 pooled in the same column across waves (ses-00A/01A/02A = 1.0; ses-03A+ = 2.0). Legacy ksads_{V}_{id} item-ids are not exposed.,
bpd,youth,"Bipolar I disorder, most recent past episode depressed",present,mh_y_ksads__bpd__bpd1__rcnt__dep__pres_dx,Merged in 7.0 BIDS: 1.0 and 2.0 pooled in the same column across waves (ses-00A/01A/02A = 1.0; ses-03A+ = 2.0). Legacy ksads_{V}_{id} item-ids are not exposed.,
bpd,parent,"Bipolar I disorder, most recent past episode manic",present,mh_p_ksads__bpd__bpd1__rcnt__manic__pres_dx,Merged in 7.0 BIDS: 1.0 and 2.0 pooled in the same column across waves (ses-00A/01A/02A = 1.0; ses-03A+ = 2.0). Legacy ksads_{V}_{id} item-ids are not exposed.,
bpd,youth,"Bipolar I disorder, most recent past episode manic",present,mh_y_ksads__bpd__bpd1__rcnt__manic__pres_dx,Merged in 7.0 BIDS: 1.0 and 2.0 pooled in the same column across waves (ses-00A/01A/02A = 1.0; ses-03A+ = 2.0). Legacy ksads_{V}_{id} item-ids are not exposed.,
bpd,parent,"Bipolar II disorder, currently depressed",partial_remission,mh_p_ksads__bpd__bpd2__curdep__partrem_dx,Merged in 7.0 BIDS: 1.0 and 2.0 pooled in the same column across waves (ses-00A/01A/02A = 1.0; ses-03A+ = 2.0). Legacy ksads_{V}_{id} item-ids are not exposed.,
bpd,youth,"Bipolar II disorder, currently depressed",partial_remission,mh_y_ksads__bpd__bpd2__curdep__partrem_dx,Merged in 7.0 BIDS: 1.0 and 2.0 pooled in the same column across waves (ses-00A/01A/02A = 1.0; ses-03A+ = 2.0). Legacy ksads_{V}_{id} item-ids are not exposed.,
bpd,parent,"Bipolar II disorder, currently depressed",present,mh_p_ksads__bpd__bpd2__curdep__pres_dx,Merged in 7.0 BIDS: 1.0 and 2.0 pooled in the same column across waves (ses-00A/01A/02A = 1.0; ses-03A+ = 2.0). Legacy ksads_{V}_{id} item-ids are not exposed.,
bpd,youth,"Bipolar II disorder, currently depressed",present,mh_y_ksads__bpd__bpd2__curdep__pres_dx,Merged in 7.0 BIDS: 1.0 and 2.0 pooled in the same column across waves (ses-00A/01A/02A = 1.0; ses-03A+ = 2.0). Legacy ksads_{V}_{id} item-ids are not exposed.,
bpd,parent,"Bipolar II disorder, currently hypomanic",present,mh_p_ksads__bpd__bpd2__curhypo__pres_dx,Merged in 7.0 BIDS: 1.0 and 2.0 pooled in the same column across waves (ses-00A/01A/02A = 1.0; ses-03A+ = 2.0). Legacy ksads_{V}_{id} item-ids are not exposed.,
bpd,youth,"Bipolar II disorder, currently hypomanic",present,mh_y_ksads__bpd__bpd2__curhypo__pres_dx,Merged in 7.0 BIDS: 1.0 and 2.0 pooled in the same column across waves (ses-00A/01A/02A = 1.0; ses-03A+ = 2.0). Legacy ksads_{V}_{id} item-ids are not exposed.,
bpd,parent,"Bipolar II disorder, most recent episode hypomanic",present,mh_p_ksads__bpd__bpd2__rcnt__hypo__pres_dx,Merged in 7.0 BIDS: 1.0 and 2.0 pooled in the same column across waves (ses-00A/01A/02A = 1.0; ses-03A+ = 2.0). Legacy ksads_{V}_{id} item-ids are not exposed.,
bpd,youth,"Bipolar II disorder, most recent episode hypomanic",present,mh_y_ksads__bpd__bpd2__rcnt__hypo__pres_dx,Merged in 7.0 BIDS: 1.0 and 2.0 pooled in the same column across waves (ses-00A/01A/02A = 1.0; ses-03A+ = 2.0). Legacy ksads_{V}_{id} item-ids are not exposed.,
bpd,parent,"Bipolar II disorder, most recent episode hypomanic/depressed/mixed",present,mh_p_ksads__bpd__bpd2__rcnt__hypomix__pres_dx,Merged in 7.0 BIDS: 1.0 and 2.0 pooled in the same column across waves (ses-00A/01A/02A = 1.0; ses-03A+ = 2.0). Legacy ksads_{V}_{id} item-ids are not exposed.,
bpd,youth,"Bipolar II disorder, most recent episode hypomanic/depressed/mixed",present,mh_y_ksads__bpd__bpd2__rcnt__hypomix__pres_dx,Merged in 7.0 BIDS: 1.0 and 2.0 pooled in the same column across waves (ses-00A/01A/02A = 1.0; ses-03A+ = 2.0). Legacy ksads_{V}_{id} item-ids are not exposed.,
bpd,parent,"Other specified bipolar and related disorder, meets criteria for bipolar II disorder",unknown,mh_p_ksads__bpd__bpd2__oth__nomdd_dx,Merged in 7.0 BIDS: 1.0 and 2.0 pooled in the same column across waves (ses-00A/01A/02A = 1.0; ses-03A+ = 2.0). Legacy ksads_{V}_{id} item-ids are not exposed.,
bpd,youth,"Other specified bipolar and related disorder, meets criteria for bipolar II disorder",unknown,mh_y_ksads__bpd__bpd2__oth__nomdd_dx,Merged in 7.0 BIDS: 1.0 and 2.0 pooled in the same column across waves (ses-00A/01A/02A = 1.0; ses-03A+ = 2.0). Legacy ksads_{V}_{id} item-ids are not exposed.,
bpd,parent,"Other specified bipolar and related disorder, recurrent manic or hypomanic episodes",unknown,mh_p_ksads__bpd__oth__mindur_dx,Merged in 7.0 BIDS: 1.0 and 2.0 pooled in the same column across waves (ses-00A/01A/02A = 1.0; ses-03A+ = 2.0). Legacy ksads_{V}_{id} item-ids are not exposed.,
bpd,youth,"Other specified bipolar and related disorder, recurrent manic or hypomanic episodes",unknown,mh_y_ksads__bpd__oth__mindur_dx,Merged in 7.0 BIDS: 1.0 and 2.0 pooled in the same column across waves (ses-00A/01A/02A = 1.0; ses-03A+ = 2.0). Legacy ksads_{V}_{id} item-ids are not exposed.,
bpd,parent,Unspecified bipolar and related disorder,past,mh_p_ksads__bpd__unspec__past_dx,Merged in 7.0 BIDS: 1.0 and 2.0 pooled in the same column across waves (ses-00A/01A/02A = 1.0; ses-03A+ = 2.0). Legacy ksads_{V}_{id} item-ids are not exposed.,
bpd,youth,Unspecified bipolar and related disorder,past,mh_y_ksads__bpd__unspec__past_dx,Merged in 7.0 BIDS: 1.0 and 2.0 pooled in the same column across waves (ses-00A/01A/02A = 1.0; ses-03A+ = 2.0). Legacy ksads_{V}_{id} item-ids are not exposed.,
bpd,parent,Unspecified bipolar and related disorder,present,mh_p_ksads__bpd__unspec__pres_dx,Merged in 7.0 BIDS: 1.0 and 2.0 pooled in the same column across waves (ses-00A/01A/02A = 1.0; ses-03A+ = 2.0). Legacy ksads_{V}_{id} item-ids are not exposed.,
bpd,youth,Unspecified bipolar and related disorder,present,mh_y_ksads__bpd__unspec__pres_dx,Merged in 7.0 BIDS: 1.0 and 2.0 pooled in the same column across waves (ses-00A/01A/02A = 1.0; ses-03A+ = 2.0). Legacy ksads_{V}_{id} item-ids are not exposed.,
cond,parent,"Conduct disorder, adolescent onset",past,mh_p_ksads__cond__onset__adoles__past_dx,Merged in 7.0 BIDS: 1.0 and 2.0 pooled in the same column across waves (ses-00A/01A/02A = 1.0; ses-03A+ = 2.0). Legacy ksads_{V}_{id} item-ids are not exposed.,
cond,youth,"Conduct disorder, adolescent onset",past,mh_y_ksads__cond__onset__adoles__past_dx,Merged in 7.0 BIDS: 1.0 and 2.0 pooled in the same column across waves (ses-00A/01A/02A = 1.0; ses-03A+ = 2.0). Legacy ksads_{V}_{id} item-ids are not exposed.,
cond,parent,"Conduct disorder, adolescent onset",present,mh_p_ksads__cond__onset__adoles__pres_dx,Merged in 7.0 BIDS: 1.0 and 2.0 pooled in the same column across waves (ses-00A/01A/02A = 1.0; ses-03A+ = 2.0). Legacy ksads_{V}_{id} item-ids are not exposed.,
cond,youth,"Conduct disorder, adolescent onset",present,mh_y_ksads__cond__onset__adoles__pres_dx,Merged in 7.0 BIDS: 1.0 and 2.0 pooled in the same column across waves (ses-00A/01A/02A = 1.0; ses-03A+ = 2.0). Legacy ksads_{V}_{id} item-ids are not exposed.,
cond,parent,"Conduct disorder, childhood onset",past,mh_p_ksads__cond__onset__chld__past_dx,Merged in 7.0 BIDS: 1.0 and 2.0 pooled in the same column across waves (ses-00A/01A/02A = 1.0; ses-03A+ = 2.0). Legacy ksads_{V}_{id} item-ids are not exposed.,
cond,youth,"Conduct disorder, childhood onset",past,mh_y_ksads__cond__onset__chld__past_dx,Merged in 7.0 BIDS: 1.0 and 2.0 pooled in the same column across waves (ses-00A/01A/02A = 1.0; ses-03A+ = 2.0). Legacy ksads_{V}_{id} item-ids are not exposed.,
cond,parent,"Conduct disorder, childhood onset",present,mh_p_ksads__cond__onset__chld__pres_dx,Merged in 7.0 BIDS: 1.0 and 2.0 pooled in the same column across waves (ses-00A/01A/02A = 1.0; ses-03A+ = 2.0). Legacy ksads_{V}_{id} item-ids are not exposed.,
cond,youth,"Conduct disorder, childhood onset",present,mh_y_ksads__cond__onset__chld__pres_dx,Merged in 7.0 BIDS: 1.0 and 2.0 pooled in the same column across waves (ses-00A/01A/02A = 1.0; ses-03A+ = 2.0). Legacy ksads_{V}_{id} item-ids are not exposed.,
dep,parent,Major depressive disorder,partial_remission,mh_p_ksads__dep__mdd__partrem_dx,Merged in 7.0 BIDS: 1.0 and 2.0 pooled in the same column across waves (ses-00A/01A/02A = 1.0; ses-03A+ = 2.0). Legacy ksads_{V}_{id} item-ids are not exposed.,
dep,youth,Major depressive disorder,partial_remission,mh_y_ksads__dep__mdd__partrem_dx,Merged in 7.0 BIDS: 1.0 and 2.0 pooled in the same column across waves (ses-00A/01A/02A = 1.0; ses-03A+ = 2.0). Legacy ksads_{V}_{id} item-ids are not exposed.,
dep,parent,Major depressive disorder,past,mh_p_ksads__dep__mdd__past_dx,Merged in 7.0 BIDS: 1.0 and 2.0 pooled in the same column across waves (ses-00A/01A/02A = 1.0; ses-03A+ = 2.0). Legacy ksads_{V}_{id} item-ids are not exposed.,
dep,youth,Major depressive disorder,past,mh_y_ksads__dep__mdd__past_dx,Merged in 7.0 BIDS: 1.0 and 2.0 pooled in the same column across waves (ses-00A/01A/02A = 1.0; ses-03A+ = 2.0). Legacy ksads_{V}_{id} item-ids are not exposed.,
dep,parent,Major depressive disorder,present,mh_p_ksads__dep__mdd__pres_dx,Merged in 7.0 BIDS: 1.0 and 2.0 pooled in the same column across waves (ses-00A/01A/02A = 1.0; ses-03A+ = 2.0). Legacy ksads_{V}_{id} item-ids are not exposed.,
dep,youth,Major depressive disorder,present,mh_y_ksads__dep__mdd__pres_dx,Merged in 7.0 BIDS: 1.0 and 2.0 pooled in the same column across waves (ses-00A/01A/02A = 1.0; ses-03A+ = 2.0). Legacy ksads_{V}_{id} item-ids are not exposed.,
dep,parent,"Other specified depressive disorder, persistent depressive disorder",present,mh_p_ksads__dep__pdd__oth__pres_dx,Merged in 7.0 BIDS: 1.0 and 2.0 pooled in the same column across waves (ses-00A/01A/02A = 1.0; ses-03A+ = 2.0). Legacy ksads_{V}_{id} item-ids are not exposed.,
dep,youth,"Other specified depressive disorder, persistent depressive disorder",present,mh_y_ksads__dep__pdd__oth__pres_dx,Merged in 7.0 BIDS: 1.0 and 2.0 pooled in the same column across waves (ses-00A/01A/02A = 1.0; ses-03A+ = 2.0). Legacy ksads_{V}_{id} item-ids are not exposed.,
dep,parent,Persistent depressive disorder,partial_remission,mh_p_ksads__dep__pdd__partrem_dx,Merged in 7.0 BIDS: 1.0 and 2.0 pooled in the same column across waves (ses-00A/01A/02A = 1.0; ses-03A+ = 2.0). Legacy ksads_{V}_{id} item-ids are not exposed.,
dep,youth,Persistent depressive disorder,partial_remission,mh_y_ksads__dep__pdd__partrem_dx,Merged in 7.0 BIDS: 1.0 and 2.0 pooled in the same column across waves (ses-00A/01A/02A = 1.0; ses-03A+ = 2.0). Legacy ksads_{V}_{id} item-ids are not exposed.,
dep,parent,Persistent depressive disorder,past,mh_p_ksads__dep__pdd__past_dx,Merged in 7.0 BIDS: 1.0 and 2.0 pooled in the same column across waves (ses-00A/01A/02A = 1.0; ses-03A+ = 2.0). Legacy ksads_{V}_{id} item-ids are not exposed.,
dep,youth,Persistent depressive disorder,past,mh_y_ksads__dep__pdd__past_dx,Merged in 7.0 BIDS: 1.0 and 2.0 pooled in the same column across waves (ses-00A/01A/02A = 1.0; ses-03A+ = 2.0). Legacy ksads_{V}_{id} item-ids are not exposed.,
dep,parent,Persistent depressive disorder,present,mh_p_ksads__dep__pdd__pres_dx,Merged in 7.0 BIDS: 1.0 and 2.0 pooled in the same column across waves (ses-00A/01A/02A = 1.0; ses-03A+ = 2.0). Legacy ksads_{V}_{id} item-ids are not exposed.,
dep,youth,Persistent depressive disorder,present,mh_y_ksads__dep__pdd__pres_dx,Merged in 7.0 BIDS: 1.0 and 2.0 pooled in the same column across waves (ses-00A/01A/02A = 1.0; ses-03A+ = 2.0). Legacy ksads_{V}_{id} item-ids are not exposed.,
dep,parent,Unspecified depressive disorder,past,mh_p_ksads__dep__unspec__past_dx,Merged in 7.0 BIDS: 1.0 and 2.0 pooled in the same column across waves (ses-00A/01A/02A = 1.0; ses-03A+ = 2.0). Legacy ksads_{V}_{id} item-ids are not exposed.,
dep,youth,Unspecified depressive disorder,past,mh_y_ksads__dep__unspec__past_dx,Merged in 7.0 BIDS: 1.0 and 2.0 pooled in the same column across waves (ses-00A/01A/02A = 1.0; ses-03A+ = 2.0). Legacy ksads_{V}_{id} item-ids are not exposed.,
dep,parent,Unspecified depressive disorder,present,mh_p_ksads__dep__unspec__pres_dx,Merged in 7.0 BIDS: 1.0 and 2.0 pooled in the same column across waves (ses-00A/01A/02A = 1.0; ses-03A+ = 2.0). Legacy ksads_{V}_{id} item-ids are not exposed.,
dep,youth,Unspecified depressive disorder,present,mh_y_ksads__dep__unspec__pres_dx,Merged in 7.0 BIDS: 1.0 and 2.0 pooled in the same column across waves (ses-00A/01A/02A = 1.0; ses-03A+ = 2.0). Legacy ksads_{V}_{id} item-ids are not exposed.,
dmdd,parent,Disruptive mood dysregulation disorder,present,mh_p_ksads__dmdd__dmdd__pres_dx,Merged in 7.0 BIDS: 1.0 and 2.0 pooled in the same column across waves (ses-00A/01A/02A = 1.0; ses-03A+ = 2.0). Legacy ksads_{V}_{id} item-ids are not exposed.,
dmdd,youth,Disruptive mood dysregulation disorder,present,mh_y_ksads__dmdd__dmdd__pres_dx,Merged in 7.0 BIDS: 1.0 and 2.0 pooled in the same column across waves (ses-00A/01A/02A = 1.0; ses-03A+ = 2.0). Legacy ksads_{V}_{id} item-ids are not exposed.,
ed,parent,"Anorexia nervosa, binge eating/purging subtype",partial_remission,mh_p_ksads__ed__an__bingeprg__partrem_dx,Merged in 7.0 BIDS: 1.0 and 2.0 pooled in the same column across waves (ses-00A/01A/02A = 1.0; ses-03A+ = 2.0). Legacy ksads_{V}_{id} item-ids are not exposed.,
ed,youth,"Anorexia nervosa, binge eating/purging subtype",partial_remission,mh_y_ksads__ed__an__bingeprg__partrem_dx,Merged in 7.0 BIDS: 1.0 and 2.0 pooled in the same column across waves (ses-00A/01A/02A = 1.0; ses-03A+ = 2.0). Legacy ksads_{V}_{id} item-ids are not exposed.,
ed,parent,"Anorexia nervosa, binge eating/purging subtype",past,mh_p_ksads__ed__an__bingeprg__past_dx,Merged in 7.0 BIDS: 1.0 and 2.0 pooled in the same column across waves (ses-00A/01A/02A = 1.0; ses-03A+ = 2.0). Legacy ksads_{V}_{id} item-ids are not exposed.,
ed,youth,"Anorexia nervosa, binge eating/purging subtype",past,mh_y_ksads__ed__an__bingeprg__past_dx,Merged in 7.0 BIDS: 1.0 and 2.0 pooled in the same column across waves (ses-00A/01A/02A = 1.0; ses-03A+ = 2.0). Legacy ksads_{V}_{id} item-ids are not exposed.,
ed,parent,"Anorexia nervosa, binge eating/purging subtype",present,mh_p_ksads__ed__an__bingeprg__pres_dx,Merged in 7.0 BIDS: 1.0 and 2.0 pooled in the same column across waves (ses-00A/01A/02A = 1.0; ses-03A+ = 2.0). Legacy ksads_{V}_{id} item-ids are not exposed.,
ed,youth,"Anorexia nervosa, binge eating/purging subtype",present,mh_y_ksads__ed__an__bingeprg__pres_dx,Merged in 7.0 BIDS: 1.0 and 2.0 pooled in the same column across waves (ses-00A/01A/02A = 1.0; ses-03A+ = 2.0). Legacy ksads_{V}_{id} item-ids are not exposed.,
ed,parent,"Anorexia nervosa, restricting subtype",partial_remission,mh_p_ksads__ed__an__restrict__partrem_dx,Merged in 7.0 BIDS: 1.0 and 2.0 pooled in the same column across waves (ses-00A/01A/02A = 1.0; ses-03A+ = 2.0). Legacy ksads_{V}_{id} item-ids are not exposed.,
ed,youth,"Anorexia nervosa, restricting subtype",partial_remission,mh_y_ksads__ed__an__restrict__partrem_dx,Merged in 7.0 BIDS: 1.0 and 2.0 pooled in the same column across waves (ses-00A/01A/02A = 1.0; ses-03A+ = 2.0). Legacy ksads_{V}_{id} item-ids are not exposed.,
ed,parent,"Anorexia nervosa, restricting subtype",past,mh_p_ksads__ed__an__restrict__past_dx,Merged in 7.0 BIDS: 1.0 and 2.0 pooled in the same column across waves (ses-00A/01A/02A = 1.0; ses-03A+ = 2.0). Legacy ksads_{V}_{id} item-ids are not exposed.,
ed,youth,"Anorexia nervosa, restricting subtype",past,mh_y_ksads__ed__an__restrict__past_dx,Merged in 7.0 BIDS: 1.0 and 2.0 pooled in the same column across waves (ses-00A/01A/02A = 1.0; ses-03A+ = 2.0). Legacy ksads_{V}_{id} item-ids are not exposed.,
ed,parent,"Anorexia nervosa, restricting subtype",present,mh_p_ksads__ed__an__restrict__pres_dx,Merged in 7.0 BIDS: 1.0 and 2.0 pooled in the same column across waves (ses-00A/01A/02A = 1.0; ses-03A+ = 2.0). Legacy ksads_{V}_{id} item-ids are not exposed.,
ed,youth,"Anorexia nervosa, restricting subtype",present,mh_y_ksads__ed__an__restrict__pres_dx,Merged in 7.0 BIDS: 1.0 and 2.0 pooled in the same column across waves (ses-00A/01A/02A = 1.0; ses-03A+ = 2.0). Legacy ksads_{V}_{id} item-ids are not exposed.,
ed,parent,Binge eating disorder,partial_remission,mh_p_ksads__ed__binge__partrem_dx,Merged in 7.0 BIDS: 1.0 and 2.0 pooled in the same column across waves (ses-00A/01A/02A = 1.0; ses-03A+ = 2.0). Legacy ksads_{V}_{id} item-ids are not exposed.,
ed,youth,Binge eating disorder,partial_remission,mh_y_ksads__ed__binge__partrem_dx,Merged in 7.0 BIDS: 1.0 and 2.0 pooled in the same column across waves (ses-00A/01A/02A = 1.0; ses-03A+ = 2.0). Legacy ksads_{V}_{id} item-ids are not exposed.,
ed,parent,Binge eating disorder,past,mh_p_ksads__ed__binge__past_dx,Merged in 7.0 BIDS: 1.0 and 2.0 pooled in the same column across waves (ses-00A/01A/02A = 1.0; ses-03A+ = 2.0). Legacy ksads_{V}_{id} item-ids are not exposed.,
ed,youth,Binge eating disorder,past,mh_y_ksads__ed__binge__past_dx,Merged in 7.0 BIDS: 1.0 and 2.0 pooled in the same column across waves (ses-00A/01A/02A = 1.0; ses-03A+ = 2.0). Legacy ksads_{V}_{id} item-ids are not exposed.,
ed,parent,Binge eating disorder,present,mh_p_ksads__ed__binge__pres_dx,Merged in 7.0 BIDS: 1.0 and 2.0 pooled in the same column across waves (ses-00A/01A/02A = 1.0; ses-03A+ = 2.0). Legacy ksads_{V}_{id} item-ids are not exposed.,
ed,youth,Binge eating disorder,present,mh_y_ksads__ed__binge__pres_dx,Merged in 7.0 BIDS: 1.0 and 2.0 pooled in the same column across waves (ses-00A/01A/02A = 1.0; ses-03A+ = 2.0). Legacy ksads_{V}_{id} item-ids are not exposed.,
ed,parent,Bulimia nervosa,partial_remission,mh_p_ksads__ed__bulim__partrem_dx,Merged in 7.0 BIDS: 1.0 and 2.0 pooled in the same column across waves (ses-00A/01A/02A = 1.0; ses-03A+ = 2.0). Legacy ksads_{V}_{id} item-ids are not exposed.,
ed,youth,Bulimia nervosa,partial_remission,mh_y_ksads__ed__bulim__partrem_dx,Merged in 7.0 BIDS: 1.0 and 2.0 pooled in the same column across waves (ses-00A/01A/02A = 1.0; ses-03A+ = 2.0). Legacy ksads_{V}_{id} item-ids are not exposed.,
ed,parent,Bulimia nervosa,past,mh_p_ksads__ed__bulim__past_dx,Merged in 7.0 BIDS: 1.0 and 2.0 pooled in the same column across waves (ses-00A/01A/02A = 1.0; ses-03A+ = 2.0). Legacy ksads_{V}_{id} item-ids are not exposed.,
ed,youth,Bulimia nervosa,past,mh_y_ksads__ed__bulim__past_dx,Merged in 7.0 BIDS: 1.0 and 2.0 pooled in the same column across waves (ses-00A/01A/02A = 1.0; ses-03A+ = 2.0). Legacy ksads_{V}_{id} item-ids are not exposed.,
ed,parent,Bulimia nervosa,present,mh_p_ksads__ed__bulim__pres_dx,Merged in 7.0 BIDS: 1.0 and 2.0 pooled in the same column across waves (ses-00A/01A/02A = 1.0; ses-03A+ = 2.0). Legacy ksads_{V}_{id} item-ids are not exposed.,
ed,youth,Bulimia nervosa,present,mh_y_ksads__ed__bulim__pres_dx,Merged in 7.0 BIDS: 1.0 and 2.0 pooled in the same column across waves (ses-00A/01A/02A = 1.0; ses-03A+ = 2.0). Legacy ksads_{V}_{id} item-ids are not exposed.,
ed,parent,"Other specified feeding or eating disorder, atypical anorexia nervosa",past,mh_p_ksads__ed__an__oth__past_dx,Merged in 7.0 BIDS: 1.0 and 2.0 pooled in the same column across waves (ses-00A/01A/02A = 1.0; ses-03A+ = 2.0). Legacy ksads_{V}_{id} item-ids are not exposed.,
ed,youth,"Other specified feeding or eating disorder, atypical anorexia nervosa",past,mh_y_ksads__ed__an__oth__past_dx,Merged in 7.0 BIDS: 1.0 and 2.0 pooled in the same column across waves (ses-00A/01A/02A = 1.0; ses-03A+ = 2.0). Legacy ksads_{V}_{id} item-ids are not exposed.,
ed,parent,"Other specified feeding or eating disorder, atypical anorexia nervosa",present,mh_p_ksads__ed__an__oth__pres_dx,Merged in 7.0 BIDS: 1.0 and 2.0 pooled in the same column across waves (ses-00A/01A/02A = 1.0; ses-03A+ = 2.0). Legacy ksads_{V}_{id} item-ids are not exposed.,
ed,youth,"Other specified feeding or eating disorder, atypical anorexia nervosa",present,mh_y_ksads__ed__an__oth__pres_dx,Merged in 7.0 BIDS: 1.0 and 2.0 pooled in the same column across waves (ses-00A/01A/02A = 1.0; ses-03A+ = 2.0). Legacy ksads_{V}_{id} item-ids are not exposed.,
ed,parent,"Other specified feeding or eating disorder, binge eating disorder",past,mh_p_ksads__ed__binge__oth__mindur__past_dx,Merged in 7.0 BIDS: 1.0 and 2.0 pooled in the same column across waves (ses-00A/01A/02A = 1.0; ses-03A+ = 2.0). Legacy ksads_{V}_{id} item-ids are not exposed.,
ed,youth,"Other specified feeding or eating disorder, binge eating disorder",past,mh_y_ksads__ed__binge__oth__mindur__past_dx,Merged in 7.0 BIDS: 1.0 and 2.0 pooled in the same column across waves (ses-00A/01A/02A = 1.0; ses-03A+ = 2.0). Legacy ksads_{V}_{id} item-ids are not exposed.,
ed,parent,"Other specified feeding or eating disorder, binge eating disorder",present,mh_p_ksads__ed__binge__oth__mindur__pres_dx,Merged in 7.0 BIDS: 1.0 and 2.0 pooled in the same column across waves (ses-00A/01A/02A = 1.0; ses-03A+ = 2.0). Legacy ksads_{V}_{id} item-ids are not exposed.,
ed,youth,"Other specified feeding or eating disorder, binge eating disorder",present,mh_y_ksads__ed__binge__oth__mindur__pres_dx,Merged in 7.0 BIDS: 1.0 and 2.0 pooled in the same column across waves (ses-00A/01A/02A = 1.0; ses-03A+ = 2.0). Legacy ksads_{V}_{id} item-ids are not exposed.,
ed,parent,"Other specified feeding or eating disorder, bulimia nervosa",past,mh_p_ksads__ed__bulim__oth__mindur__past_dx,Merged in 7.0 BIDS: 1.0 and 2.0 pooled in the same column across waves (ses-00A/01A/02A = 1.0; ses-03A+ = 2.0). Legacy ksads_{V}_{id} item-ids are not exposed.,
ed,youth,"Other specified feeding or eating disorder, bulimia nervosa",past,mh_y_ksads__ed__bulim__oth__mindur__past_dx,Merged in 7.0 BIDS: 1.0 and 2.0 pooled in the same column across waves (ses-00A/01A/02A = 1.0; ses-03A+ = 2.0). Legacy ksads_{V}_{id} item-ids are not exposed.,
ed,parent,"Other specified feeding or eating disorder, bulimia nervosa",present,mh_p_ksads__ed__bulim__oth__mindur__pres_dx,Merged in 7.0 BIDS: 1.0 and 2.0 pooled in the same column across waves (ses-00A/01A/02A = 1.0; ses-03A+ = 2.0). Legacy ksads_{V}_{id} item-ids are not exposed.,
ed,youth,"Other specified feeding or eating disorder, bulimia nervosa",present,mh_y_ksads__ed__bulim__oth__mindur__pres_dx,Merged in 7.0 BIDS: 1.0 and 2.0 pooled in the same column across waves (ses-00A/01A/02A = 1.0; ses-03A+ = 2.0). Legacy ksads_{V}_{id} item-ids are not exposed.,
gad,parent,Generalized anxiety disorder,past,mh_p_ksads__gad__past_dx,Merged in 7.0 BIDS: 1.0 and 2.0 pooled in the same column across waves (ses-00A/01A/02A = 1.0; ses-03A+ = 2.0). Legacy ksads_{V}_{id} item-ids are not exposed.,
gad,youth,Generalized anxiety disorder,past,mh_y_ksads__gad__past_dx,Merged in 7.0 BIDS: 1.0 and 2.0 pooled in the same column across waves (ses-00A/01A/02A = 1.0; ses-03A+ = 2.0). Legacy ksads_{V}_{id} item-ids are not exposed.,
gad,parent,Generalized anxiety disorder,present,mh_p_ksads__gad__pres_dx,Merged in 7.0 BIDS: 1.0 and 2.0 pooled in the same column across waves (ses-00A/01A/02A = 1.0; ses-03A+ = 2.0). Legacy ksads_{V}_{id} item-ids are not exposed.,
gad,youth,Generalized anxiety disorder,present,mh_y_ksads__gad__pres_dx,Merged in 7.0 BIDS: 1.0 and 2.0 pooled in the same column across waves (ses-00A/01A/02A = 1.0; ses-03A+ = 2.0). Legacy ksads_{V}_{id} item-ids are not exposed.,
gad,parent,"Other specified anxiety disorder, generalized anxiety disorder",past,mh_p_ksads__gad__oth__mindur__past_dx,Merged in 7.0 BIDS: 1.0 and 2.0 pooled in the same column across waves (ses-00A/01A/02A = 1.0; ses-03A+ = 2.0). Legacy ksads_{V}_{id} item-ids are not exposed.,
gad,youth,"Other specified anxiety disorder, generalized anxiety disorder",past,mh_y_ksads__gad__oth__mindur__past_dx,Merged in 7.0 BIDS: 1.0 and 2.0 pooled in the same column across waves (ses-00A/01A/02A = 1.0; ses-03A+ = 2.0). Legacy ksads_{V}_{id} item-ids are not exposed.,
gad,parent,"Other specified anxiety disorder, generalized anxiety disorder",present,mh_p_ksads__gad__oth__mindur__pres_dx,Merged in 7.0 BIDS: 1.0 and 2.0 pooled in the same column across waves (ses-00A/01A/02A = 1.0; ses-03A+ = 2.0). Legacy ksads_{V}_{id} item-ids are not exposed.,
gad,youth,"Other specified anxiety disorder, generalized anxiety disorder",present,mh_y_ksads__gad__oth__mindur__pres_dx,Merged in 7.0 BIDS: 1.0 and 2.0 pooled in the same column across waves (ses-00A/01A/02A = 1.0; ses-03A+ = 2.0). Legacy ksads_{V}_{id} item-ids are not exposed.,
hom,parent,Homicidal ideation and behavior,past,mh_p_ksads__hom__past_dx,Merged in 7.0 BIDS: 1.0 and 2.0 pooled in the same column across waves (ses-00A/01A/02A = 1.0; ses-03A+ = 2.0). Legacy ksads_{V}_{id} item-ids are not exposed.,
hom,parent,Homicidal ideation and behavior,present,mh_p_ksads__hom__pres_dx,Merged in 7.0 BIDS: 1.0 and 2.0 pooled in the same column across waves (ses-00A/01A/02A = 1.0; ses-03A+ = 2.0). Legacy ksads_{V}_{id} item-ids are not exposed.,
ocd,parent,Obessive,past,mh_p_ksads__ocd__past_dx,Merged in 7.0 BIDS: 1.0 and 2.0 pooled in the same column across waves (ses-00A/01A/02A = 1.0; ses-03A+ = 2.0). Legacy ksads_{V}_{id} item-ids are not exposed.,
ocd,youth,Obessive,past,mh_y_ksads__ocd__past_dx,Merged in 7.0 BIDS: 1.0 and 2.0 pooled in the same column across waves (ses-00A/01A/02A = 1.0; ses-03A+ = 2.0). Legacy ksads_{V}_{id} item-ids are not exposed.,
ocd,parent,Obessive,present,mh_p_ksads__ocd__pres_dx,Merged in 7.0 BIDS: 1.0 and 2.0 pooled in the same column across waves (ses-00A/01A/02A = 1.0; ses-03A+ = 2.0). Legacy ksads_{V}_{id} item-ids are not exposed.,
ocd,youth,Obessive,present,mh_y_ksads__ocd__pres_dx,Merged in 7.0 BIDS: 1.0 and 2.0 pooled in the same column across waves (ses-00A/01A/02A = 1.0; ses-03A+ = 2.0). Legacy ksads_{V}_{id} item-ids are not exposed.,
ocd,parent,Other specified obessive,past,mh_p_ksads__ocd__oth__past_dx,Merged in 7.0 BIDS: 1.0 and 2.0 pooled in the same column across waves (ses-00A/01A/02A = 1.0; ses-03A+ = 2.0). Legacy ksads_{V}_{id} item-ids are not exposed.,
ocd,youth,Other specified obessive,past,mh_y_ksads__ocd__oth__past_dx,Merged in 7.0 BIDS: 1.0 and 2.0 pooled in the same column across waves (ses-00A/01A/02A = 1.0; ses-03A+ = 2.0). Legacy ksads_{V}_{id} item-ids are not exposed.,
ocd,parent,Other specified obessive,present,mh_p_ksads__ocd__oth__pres_dx,Merged in 7.0 BIDS: 1.0 and 2.0 pooled in the same column across waves (ses-00A/01A/02A = 1.0; ses-03A+ = 2.0). Legacy ksads_{V}_{id} item-ids are not exposed.,
ocd,youth,Other specified obessive,present,mh_y_ksads__ocd__oth__pres_dx,Merged in 7.0 BIDS: 1.0 and 2.0 pooled in the same column across waves (ses-00A/01A/02A = 1.0; ses-03A+ = 2.0). Legacy ksads_{V}_{id} item-ids are not exposed.,
odd,parent,Oppositional defiant disorder,past,mh_p_ksads__odd__past_dx,Merged in 7.0 BIDS: 1.0 and 2.0 pooled in the same column across waves (ses-00A/01A/02A = 1.0; ses-03A+ = 2.0). Legacy ksads_{V}_{id} item-ids are not exposed.,
odd,parent,Oppositional defiant disorder,present,mh_p_ksads__odd__pres_dx,Merged in 7.0 BIDS: 1.0 and 2.0 pooled in the same column across waves (ses-00A/01A/02A = 1.0; ses-03A+ = 2.0). Legacy ksads_{V}_{id} item-ids are not exposed.,
panic,parent,"Other specified anxiety disorder, panic disorder",past,mh_p_ksads__panic__oth__past_dx,Merged in 7.0 BIDS: 1.0 and 2.0 pooled in the same column across waves (ses-00A/01A/02A = 1.0; ses-03A+ = 2.0). Legacy ksads_{V}_{id} item-ids are not exposed.,
panic,youth,"Other specified anxiety disorder, panic disorder",past,mh_y_ksads__panic__oth__past_dx,Merged in 7.0 BIDS: 1.0 and 2.0 pooled in the same column across waves (ses-00A/01A/02A = 1.0; ses-03A+ = 2.0). Legacy ksads_{V}_{id} item-ids are not exposed.,
panic,parent,"Other specified anxiety disorder, panic disorder",present,mh_p_ksads__panic__oth__pres_dx,Merged in 7.0 BIDS: 1.0 and 2.0 pooled in the same column across waves (ses-00A/01A/02A = 1.0; ses-03A+ = 2.0). Legacy ksads_{V}_{id} item-ids are not exposed.,
panic,youth,"Other specified anxiety disorder, panic disorder",present,mh_y_ksads__panic__oth__pres_dx,Merged in 7.0 BIDS: 1.0 and 2.0 pooled in the same column across waves (ses-00A/01A/02A = 1.0; ses-03A+ = 2.0). Legacy ksads_{V}_{id} item-ids are not exposed.,
panic,parent,Panic disorder,partial_remission,mh_p_ksads__panic__partrem_dx,Merged in 7.0 BIDS: 1.0 and 2.0 pooled in the same column across waves (ses-00A/01A/02A = 1.0; ses-03A+ = 2.0). Legacy ksads_{V}_{id} item-ids are not exposed.,
panic,youth,Panic disorder,partial_remission,mh_y_ksads__panic__partrem_dx,Merged in 7.0 BIDS: 1.0 and 2.0 pooled in the same column across waves (ses-00A/01A/02A = 1.0; ses-03A+ = 2.0). Legacy ksads_{V}_{id} item-ids are not exposed.,
panic,parent,Panic disorder,past,mh_p_ksads__panic__past_dx,Merged in 7.0 BIDS: 1.0 and 2.0 pooled in the same column across waves (ses-00A/01A/02A = 1.0; ses-03A+ = 2.0). Legacy ksads_{V}_{id} item-ids are not exposed.,
panic,youth,Panic disorder,past,mh_y_ksads__panic__past_dx,Merged in 7.0 BIDS: 1.0 and 2.0 pooled in the same column across waves (ses-00A/01A/02A = 1.0; ses-03A+ = 2.0). Legacy ksads_{V}_{id} item-ids are not exposed.,
panic,parent,Panic disorder,present,mh_p_ksads__panic__pres_dx,Merged in 7.0 BIDS: 1.0 and 2.0 pooled in the same column across waves (ses-00A/01A/02A = 1.0; ses-03A+ = 2.0). Legacy ksads_{V}_{id} item-ids are not exposed.,
panic,youth,Panic disorder,present,mh_y_ksads__panic__pres_dx,Merged in 7.0 BIDS: 1.0 and 2.0 pooled in the same column across waves (ses-00A/01A/02A = 1.0; ses-03A+ = 2.0). Legacy ksads_{V}_{id} item-ids are not exposed.,
phobia,parent,Specific phobia,past,mh_p_ksads__phobia__past_dx,Merged in 7.0 BIDS: 1.0 and 2.0 pooled in the same column across waves (ses-00A/01A/02A = 1.0; ses-03A+ = 2.0). Legacy ksads_{V}_{id} item-ids are not exposed.,
phobia,parent,Specific phobia,present,mh_p_ksads__phobia__pres_dx,Merged in 7.0 BIDS: 1.0 and 2.0 pooled in the same column across waves (ses-00A/01A/02A = 1.0; ses-03A+ = 2.0). Legacy ksads_{V}_{id} item-ids are not exposed.,
psych,parent,Associated psychotic symptoms,past,mh_p_ksads__psych__aps__past_dx,Merged in 7.0 BIDS: 1.0 and 2.0 pooled in the same column across waves (ses-00A/01A/02A = 1.0; ses-03A+ = 2.0). Legacy ksads_{V}_{id} item-ids are not exposed.,
psych,parent,Associated psychotic symptoms,present,mh_p_ksads__psych__aps__pres_dx,Merged in 7.0 BIDS: 1.0 and 2.0 pooled in the same column across waves (ses-00A/01A/02A = 1.0; ses-03A+ = 2.0). Legacy ksads_{V}_{id} item-ids are not exposed.,
psych,parent,Delusions,past,mh_p_ksads__psych__delus__past_dx,Merged in 7.0 BIDS: 1.0 and 2.0 pooled in the same column across waves (ses-00A/01A/02A = 1.0; ses-03A+ = 2.0). Legacy ksads_{V}_{id} item-ids are not exposed.,
psych,parent,Delusions,present,mh_p_ksads__psych__delus__pres_dx,Merged in 7.0 BIDS: 1.0 and 2.0 pooled in the same column across waves (ses-00A/01A/02A = 1.0; ses-03A+ = 2.0). Legacy ksads_{V}_{id} item-ids are not exposed.,
psych,parent,Hallucinations,past,mh_p_ksads__psych__hlcn__past_dx,Merged in 7.0 BIDS: 1.0 and 2.0 pooled in the same column across waves (ses-00A/01A/02A = 1.0; ses-03A+ = 2.0). Legacy ksads_{V}_{id} item-ids are not exposed.,
psych,parent,Hallucinations,present,mh_p_ksads__psych__hlcn__pres_dx,Merged in 7.0 BIDS: 1.0 and 2.0 pooled in the same column across waves (ses-00A/01A/02A = 1.0; ses-03A+ = 2.0). Legacy ksads_{V}_{id} item-ids are not exposed.,
psych,parent,Other specified psychotic disorder,present,mh_p_ksads__psych__oth__pres_dx,Merged in 7.0 BIDS: 1.0 and 2.0 pooled in the same column across waves (ses-00A/01A/02A = 1.0; ses-03A+ = 2.0). Legacy ksads_{V}_{id} item-ids are not exposed.,
psych,parent,Schizoaffective disorder,present,mh_p_ksads__psych__schizaffct__pres_dx,Merged in 7.0 BIDS: 1.0 and 2.0 pooled in the same column across waves (ses-00A/01A/02A = 1.0; ses-03A+ = 2.0). Legacy ksads_{V}_{id} item-ids are not exposed.,Schizophrenia-spectrum dx (schizophrenia/schizoaffective/schizophreniform) added in 2.0
psych,parent,Schizophrenia,present,mh_p_ksads__psych__schiz__pres_dx,Merged in 7.0 BIDS: 1.0 and 2.0 pooled in the same column across waves (ses-00A/01A/02A = 1.0; ses-03A+ = 2.0). Legacy ksads_{V}_{id} item-ids are not exposed.,Schizophrenia-spectrum dx (schizophrenia/schizoaffective/schizophreniform) added in 2.0
psych,parent,Schizophreniform disorder,present,mh_p_ksads__psych__schizform__pres_dx,Merged in 7.0 BIDS: 1.0 and 2.0 pooled in the same column across waves (ses-00A/01A/02A = 1.0; ses-03A+ = 2.0). Legacy ksads_{V}_{id} item-ids are not exposed.,Schizophrenia-spectrum dx (schizophrenia/schizoaffective/schizophreniform) added in 2.0
psych,parent,Unspecified schizophrenia spectrum and other psychotic disorder,past,mh_p_ksads__psych__schiz__oth__past_dx,Merged in 7.0 BIDS: 1.0 and 2.0 pooled in the same column across waves (ses-00A/01A/02A = 1.0; ses-03A+ = 2.0). Legacy ksads_{V}_{id} item-ids are not exposed.,Schizophrenia-spectrum dx (schizophrenia/schizoaffective/schizophreniform) added in 2.0
psych,parent,Unspecified schizophrenia spectrum and other psychotic disorder,present,mh_p_ksads__psych__schiz__oth__pres_dx,Merged in 7.0 BIDS: 1.0 and 2.0 pooled in the same column across waves (ses-00A/01A/02A = 1.0; ses-03A+ = 2.0). Legacy ksads_{V}_{id} item-ids are not exposed.,Schizophrenia-spectrum dx (schizophrenia/schizoaffective/schizophreniform) added in 2.0
ptsd,parent,"Other specified trauma and stressor related disorder, PTSD",past,mh_p_ksads__ptsd__oth__past_dx,Merged in 7.0 BIDS: 1.0 and 2.0 pooled in the same column across waves (ses-00A/01A/02A = 1.0; ses-03A+ = 2.0). Legacy ksads_{V}_{id} item-ids are not exposed.,
ptsd,youth,"Other specified trauma and stressor related disorder, PTSD",past,mh_y_ksads__ptsd__oth__past_dx,Merged in 7.0 BIDS: 1.0 and 2.0 pooled in the same column across waves (ses-00A/01A/02A = 1.0; ses-03A+ = 2.0). Legacy ksads_{V}_{id} item-ids are not exposed.,
ptsd,parent,"Other specified trauma and stressor related disorder, PTSD",present,mh_p_ksads__ptsd__oth__pres_dx,Merged in 7.0 BIDS: 1.0 and 2.0 pooled in the same column across waves (ses-00A/01A/02A = 1.0; ses-03A+ = 2.0). Legacy ksads_{V}_{id} item-ids are not exposed.,
ptsd,youth,"Other specified trauma and stressor related disorder, PTSD",present,mh_y_ksads__ptsd__oth__pres_dx,Merged in 7.0 BIDS: 1.0 and 2.0 pooled in the same column across waves (ses-00A/01A/02A = 1.0; ses-03A+ = 2.0). Legacy ksads_{V}_{id} item-ids are not exposed.,
ptsd,parent,Post,partial_remission,mh_p_ksads__ptsd__partrem_dx,Merged in 7.0 BIDS: 1.0 and 2.0 pooled in the same column across waves (ses-00A/01A/02A = 1.0; ses-03A+ = 2.0). Legacy ksads_{V}_{id} item-ids are not exposed.,
ptsd,youth,Post,partial_remission,mh_y_ksads__ptsd__partrem_dx,Merged in 7.0 BIDS: 1.0 and 2.0 pooled in the same column across waves (ses-00A/01A/02A = 1.0; ses-03A+ = 2.0). Legacy ksads_{V}_{id} item-ids are not exposed.,
ptsd,parent,Post,past,mh_p_ksads__ptsd__past_dx,Merged in 7.0 BIDS: 1.0 and 2.0 pooled in the same column across waves (ses-00A/01A/02A = 1.0; ses-03A+ = 2.0). Legacy ksads_{V}_{id} item-ids are not exposed.,
ptsd,youth,Post,past,mh_y_ksads__ptsd__past_dx,Merged in 7.0 BIDS: 1.0 and 2.0 pooled in the same column across waves (ses-00A/01A/02A = 1.0; ses-03A+ = 2.0). Legacy ksads_{V}_{id} item-ids are not exposed.,
ptsd,parent,Post,present,mh_p_ksads__ptsd__pres_dx,Merged in 7.0 BIDS: 1.0 and 2.0 pooled in the same column across waves (ses-00A/01A/02A = 1.0; ses-03A+ = 2.0). Legacy ksads_{V}_{id} item-ids are not exposed.,
ptsd,youth,Post,present,mh_y_ksads__ptsd__pres_dx,Merged in 7.0 BIDS: 1.0 and 2.0 pooled in the same column across waves (ses-00A/01A/02A = 1.0; ses-03A+ = 2.0). Legacy ksads_{V}_{id} item-ids are not exposed.,
sepanx,parent,"Other specified anxiety disorder, separation anxiety disorder",past,mh_p_ksads__sepanx__oth__past_dx,Merged in 7.0 BIDS: 1.0 and 2.0 pooled in the same column across waves (ses-00A/01A/02A = 1.0; ses-03A+ = 2.0). Legacy ksads_{V}_{id} item-ids are not exposed.,
sepanx,parent,"Other specified anxiety disorder, separation anxiety disorder",present,mh_p_ksads__sepanx__oth__pres_dx,Merged in 7.0 BIDS: 1.0 and 2.0 pooled in the same column across waves (ses-00A/01A/02A = 1.0; ses-03A+ = 2.0). Legacy ksads_{V}_{id} item-ids are not exposed.,
sepanx,parent,Separation anxiety disorder,past,mh_p_ksads__sepanx__past_dx,Merged in 7.0 BIDS: 1.0 and 2.0 pooled in the same column across waves (ses-00A/01A/02A = 1.0; ses-03A+ = 2.0). Legacy ksads_{V}_{id} item-ids are not exposed.,
sepanx,parent,Separation anxiety disorder,present,mh_p_ksads__sepanx__pres_dx,Merged in 7.0 BIDS: 1.0 and 2.0 pooled in the same column across waves (ses-00A/01A/02A = 1.0; ses-03A+ = 2.0). Legacy ksads_{V}_{id} item-ids are not exposed.,
sleep,parent,Sleep problems,past,mh_p_ksads__sleep__prob__past_dx,Merged in 7.0 BIDS: 1.0 and 2.0 pooled in the same column across waves (ses-00A/01A/02A = 1.0; ses-03A+ = 2.0). Legacy ksads_{V}_{id} item-ids are not exposed.,
sleep,youth,Sleep problems,past,mh_y_ksads__sleep__prob__past_dx,Merged in 7.0 BIDS: 1.0 and 2.0 pooled in the same column across waves (ses-00A/01A/02A = 1.0; ses-03A+ = 2.0). Legacy ksads_{V}_{id} item-ids are not exposed.,
sleep,parent,Sleep problems,present,mh_p_ksads__sleep__prob__pres_dx,Merged in 7.0 BIDS: 1.0 and 2.0 pooled in the same column across waves (ses-00A/01A/02A = 1.0; ses-03A+ = 2.0). Legacy ksads_{V}_{id} item-ids are not exposed.,
sleep,youth,Sleep problems,present,mh_y_ksads__sleep__prob__pres_dx,Merged in 7.0 BIDS: 1.0 and 2.0 pooled in the same column across waves (ses-00A/01A/02A = 1.0; ses-03A+ = 2.0). Legacy ksads_{V}_{id} item-ids are not exposed.,
socanx,parent,"Other specified anxiety disorder, social anxiety disorder",past,mh_p_ksads__socanx__oth__mindur__past_dx,Merged in 7.0 BIDS: 1.0 and 2.0 pooled in the same column across waves (ses-00A/01A/02A = 1.0; ses-03A+ = 2.0). Legacy ksads_{V}_{id} item-ids are not exposed.,
socanx,youth,"Other specified anxiety disorder, social anxiety disorder",past,mh_y_ksads__socanx__oth__mindur__past_dx,Merged in 7.0 BIDS: 1.0 and 2.0 pooled in the same column across waves (ses-00A/01A/02A = 1.0; ses-03A+ = 2.0). Legacy ksads_{V}_{id} item-ids are not exposed.,
socanx,parent,"Other specified anxiety disorder, social anxiety disorder",present,mh_p_ksads__socanx__oth__mindur__pres_dx,Merged in 7.0 BIDS: 1.0 and 2.0 pooled in the same column across waves (ses-00A/01A/02A = 1.0; ses-03A+ = 2.0). Legacy ksads_{V}_{id} item-ids are not exposed.,
socanx,youth,"Other specified anxiety disorder, social anxiety disorder",present,mh_y_ksads__socanx__oth__mindur__pres_dx,Merged in 7.0 BIDS: 1.0 and 2.0 pooled in the same column across waves (ses-00A/01A/02A = 1.0; ses-03A+ = 2.0). Legacy ksads_{V}_{id} item-ids are not exposed.,
socanx,parent,Social anxiety disorder,past,mh_p_ksads__socanx__past_dx,Merged in 7.0 BIDS: 1.0 and 2.0 pooled in the same column across waves (ses-00A/01A/02A = 1.0; ses-03A+ = 2.0). Legacy ksads_{V}_{id} item-ids are not exposed.,
socanx,youth,Social anxiety disorder,past,mh_y_ksads__socanx__past_dx,Merged in 7.0 BIDS: 1.0 and 2.0 pooled in the same column across waves (ses-00A/01A/02A = 1.0; ses-03A+ = 2.0). Legacy ksads_{V}_{id} item-ids are not exposed.,
socanx,parent,Social anxiety disorder,present,mh_p_ksads__socanx__pres_dx,Merged in 7.0 BIDS: 1.0 and 2.0 pooled in the same column across waves (ses-00A/01A/02A = 1.0; ses-03A+ = 2.0). Legacy ksads_{V}_{id} item-ids are not exposed.,
socanx,youth,Social anxiety disorder,present,mh_y_ksads__socanx__pres_dx,Merged in 7.0 BIDS: 1.0 and 2.0 pooled in the same column across waves (ses-00A/01A/02A = 1.0; ses-03A+ = 2.0). Legacy ksads_{V}_{id} item-ids are not exposed.,
suic,parent,Aborted attempt,past,mh_p_ksads__suic__atmpt__abrt__past_dx,Merged in 7.0 BIDS: 1.0 and 2.0 pooled in the same column across waves (ses-00A/01A/02A = 1.0; ses-03A+ = 2.0). Legacy ksads_{V}_{id} item-ids are not exposed.,
suic,youth,Aborted attempt,past,mh_y_ksads__suic__atmpt__abrt__past_dx,Merged in 7.0 BIDS: 1.0 and 2.0 pooled in the same column across waves (ses-00A/01A/02A = 1.0; ses-03A+ = 2.0). Legacy ksads_{V}_{id} item-ids are not exposed.,
suic,parent,Aborted attempt,present,mh_p_ksads__suic__atmpt__abrt__pres_dx,Merged in 7.0 BIDS: 1.0 and 2.0 pooled in the same column across waves (ses-00A/01A/02A = 1.0; ses-03A+ = 2.0). Legacy ksads_{V}_{id} item-ids are not exposed.,
suic,youth,Aborted attempt,present,mh_y_ksads__suic__atmpt__abrt__pres_dx,Merged in 7.0 BIDS: 1.0 and 2.0 pooled in the same column across waves (ses-00A/01A/02A = 1.0; ses-03A+ = 2.0). Legacy ksads_{V}_{id} item-ids are not exposed.,
suic,parent,Interrupted attempt,past,mh_p_ksads__suic__atmpt__intr__past_dx,Merged in 7.0 BIDS: 1.0 and 2.0 pooled in the same column across waves (ses-00A/01A/02A = 1.0; ses-03A+ = 2.0). Legacy ksads_{V}_{id} item-ids are not exposed.,
suic,youth,Interrupted attempt,past,mh_y_ksads__suic__atmpt__intr__past_dx,Merged in 7.0 BIDS: 1.0 and 2.0 pooled in the same column across waves (ses-00A/01A/02A = 1.0; ses-03A+ = 2.0). Legacy ksads_{V}_{id} item-ids are not exposed.,
suic,parent,Interrupted attempt,present,mh_p_ksads__suic__atmpt__intr__pres_dx,Merged in 7.0 BIDS: 1.0 and 2.0 pooled in the same column across waves (ses-00A/01A/02A = 1.0; ses-03A+ = 2.0). Legacy ksads_{V}_{id} item-ids are not exposed.,
suic,youth,Interrupted attempt,present,mh_y_ksads__suic__atmpt__intr__pres_dx,Merged in 7.0 BIDS: 1.0 and 2.0 pooled in the same column across waves (ses-00A/01A/02A = 1.0; ses-03A+ = 2.0). Legacy ksads_{V}_{id} item-ids are not exposed.,
suic,parent,No past suicidal ideation or behavior,past,mh_p_ksads__suic__none__past_dx,Merged in 7.0 BIDS: 1.0 and 2.0 pooled in the same column across waves (ses-00A/01A/02A = 1.0; ses-03A+ = 2.0). Legacy ksads_{V}_{id} item-ids are not exposed.,
suic,youth,No past suicidal ideation or behavior,past,mh_y_ksads__suic__none__past_dx,Merged in 7.0 BIDS: 1.0 and 2.0 pooled in the same column across waves (ses-00A/01A/02A = 1.0; ses-03A+ = 2.0). Legacy ksads_{V}_{id} item-ids are not exposed.,
suic,parent,No suicidal ideation or behavior,present,mh_p_ksads__suic__none__pres_dx,Merged in 7.0 BIDS: 1.0 and 2.0 pooled in the same column across waves (ses-00A/01A/02A = 1.0; ses-03A+ = 2.0). Legacy ksads_{V}_{id} item-ids are not exposed.,
suic,youth,No suicidal ideation or behavior,present,mh_y_ksads__suic__none__pres_dx,Merged in 7.0 BIDS: 1.0 and 2.0 pooled in the same column across waves (ses-00A/01A/02A = 1.0; ses-03A+ = 2.0). Legacy ksads_{V}_{id} item-ids are not exposed.,
suic,parent,Preparatory actions toward imminent suicidal behavior,past,mh_p_ksads__suic__imnt__past_dx,Merged in 7.0 BIDS: 1.0 and 2.0 pooled in the same column across waves (ses-00A/01A/02A = 1.0; ses-03A+ = 2.0). Legacy ksads_{V}_{id} item-ids are not exposed.,
suic,youth,Preparatory actions toward imminent suicidal behavior,past,mh_y_ksads__suic__imnt__past_dx,Merged in 7.0 BIDS: 1.0 and 2.0 pooled in the same column across waves (ses-00A/01A/02A = 1.0; ses-03A+ = 2.0). Legacy ksads_{V}_{id} item-ids are not exposed.,
suic,parent,Preparatory actions toward imminent suicidal behavior,present,mh_p_ksads__suic__imnt__pres_dx,Merged in 7.0 BIDS: 1.0 and 2.0 pooled in the same column across waves (ses-00A/01A/02A = 1.0; ses-03A+ = 2.0). Legacy ksads_{V}_{id} item-ids are not exposed.,
suic,youth,Preparatory actions toward imminent suicidal behavior,present,mh_y_ksads__suic__imnt__pres_dx,Merged in 7.0 BIDS: 1.0 and 2.0 pooled in the same column across waves (ses-00A/01A/02A = 1.0; ses-03A+ = 2.0). Legacy ksads_{V}_{id} item-ids are not exposed.,
suic,parent,"Self injurious behavior, without suicidal intent",past,mh_p_ksads__suic__slfinj__nosi__past_dx,Merged in 7.0 BIDS: 1.0 and 2.0 pooled in the same column across waves (ses-00A/01A/02A = 1.0; ses-03A+ = 2.0). Legacy ksads_{V}_{id} item-ids are not exposed.,
suic,youth,"Self injurious behavior, without suicidal intent",past,mh_y_ksads__suic__slfinj__nosi__past_dx,Merged in 7.0 BIDS: 1.0 and 2.0 pooled in the same column across waves (ses-00A/01A/02A = 1.0; ses-03A+ = 2.0). Legacy ksads_{V}_{id} item-ids are not exposed.,
suic,parent,"Self injurious behavior, without suicidal intent",present,mh_p_ksads__suic__slfinj__nosi__pres_dx,Merged in 7.0 BIDS: 1.0 and 2.0 pooled in the same column across waves (ses-00A/01A/02A = 1.0; ses-03A+ = 2.0). Legacy ksads_{V}_{id} item-ids are not exposed.,
suic,youth,"Self injurious behavior, without suicidal intent",present,mh_y_ksads__suic__slfinj__nosi__pres_dx,Merged in 7.0 BIDS: 1.0 and 2.0 pooled in the same column across waves (ses-00A/01A/02A = 1.0; ses-03A+ = 2.0). Legacy ksads_{V}_{id} item-ids are not exposed.,
suic,parent,"Suicidal ideation, active intent",past,mh_p_ksads__suic__actv__int__past_dx,Merged in 7.0 BIDS: 1.0 and 2.0 pooled in the same column across waves (ses-00A/01A/02A = 1.0; ses-03A+ = 2.0). Legacy ksads_{V}_{id} item-ids are not exposed.,
suic,youth,"Suicidal ideation, active intent",past,mh_y_ksads__suic__actv__int__past_dx,Merged in 7.0 BIDS: 1.0 and 2.0 pooled in the same column across waves (ses-00A/01A/02A = 1.0; ses-03A+ = 2.0). Legacy ksads_{V}_{id} item-ids are not exposed.,
suic,parent,"Suicidal ideation, active intent",present,mh_p_ksads__suic__actv__int__pres_dx,Merged in 7.0 BIDS: 1.0 and 2.0 pooled in the same column across waves (ses-00A/01A/02A = 1.0; ses-03A+ = 2.0). Legacy ksads_{V}_{id} item-ids are not exposed.,
suic,youth,"Suicidal ideation, active intent",present,mh_y_ksads__suic__actv__int__pres_dx,Merged in 7.0 BIDS: 1.0 and 2.0 pooled in the same column across waves (ses-00A/01A/02A = 1.0; ses-03A+ = 2.0). Legacy ksads_{V}_{id} item-ids are not exposed.,
suic,parent,"Suicidal ideation, active method",past,mh_p_ksads__suic__actv__mthd__past_dx,Merged in 7.0 BIDS: 1.0 and 2.0 pooled in the same column across waves (ses-00A/01A/02A = 1.0; ses-03A+ = 2.0). Legacy ksads_{V}_{id} item-ids are not exposed.,
suic,youth,"Suicidal ideation, active method",past,mh_y_ksads__suic__actv__mthd__past_dx,Merged in 7.0 BIDS: 1.0 and 2.0 pooled in the same column across waves (ses-00A/01A/02A = 1.0; ses-03A+ = 2.0). Legacy ksads_{V}_{id} item-ids are not exposed.,
suic,parent,"Suicidal ideation, active method",present,mh_p_ksads__suic__actv__mthd__pres_dx,Merged in 7.0 BIDS: 1.0 and 2.0 pooled in the same column across waves (ses-00A/01A/02A = 1.0; ses-03A+ = 2.0). Legacy ksads_{V}_{id} item-ids are not exposed.,
suic,youth,"Suicidal ideation, active method",present,mh_y_ksads__suic__actv__mthd__pres_dx,Merged in 7.0 BIDS: 1.0 and 2.0 pooled in the same column across waves (ses-00A/01A/02A = 1.0; ses-03A+ = 2.0). Legacy ksads_{V}_{id} item-ids are not exposed.,
suic,parent,"Suicidal ideation, active non",past,mh_p_ksads__suic__actv__past_dx,Merged in 7.0 BIDS: 1.0 and 2.0 pooled in the same column across waves (ses-00A/01A/02A = 1.0; ses-03A+ = 2.0). Legacy ksads_{V}_{id} item-ids are not exposed.,
suic,youth,"Suicidal ideation, active non",past,mh_y_ksads__suic__actv__past_dx,Merged in 7.0 BIDS: 1.0 and 2.0 pooled in the same column across waves (ses-00A/01A/02A = 1.0; ses-03A+ = 2.0). Legacy ksads_{V}_{id} item-ids are not exposed.,
suic,parent,"Suicidal ideation, active non",present,mh_p_ksads__suic__actv__pres_dx,Merged in 7.0 BIDS: 1.0 and 2.0 pooled in the same column across waves (ses-00A/01A/02A = 1.0; ses-03A+ = 2.0). Legacy ksads_{V}_{id} item-ids are not exposed.,
suic,youth,"Suicidal ideation, active non",present,mh_y_ksads__suic__actv__pres_dx,Merged in 7.0 BIDS: 1.0 and 2.0 pooled in the same column across waves (ses-00A/01A/02A = 1.0; ses-03A+ = 2.0). Legacy ksads_{V}_{id} item-ids are not exposed.,
suic,parent,"Suicidal ideation, active plan",past,mh_p_ksads__suic__actv__plan__past_dx,Merged in 7.0 BIDS: 1.0 and 2.0 pooled in the same column across waves (ses-00A/01A/02A = 1.0; ses-03A+ = 2.0). Legacy ksads_{V}_{id} item-ids are not exposed.,
suic,youth,"Suicidal ideation, active plan",past,mh_y_ksads__suic__actv__plan__past_dx,Merged in 7.0 BIDS: 1.0 and 2.0 pooled in the same column across waves (ses-00A/01A/02A = 1.0; ses-03A+ = 2.0). Legacy ksads_{V}_{id} item-ids are not exposed.,
suic,parent,"Suicidal ideation, active plan",present,mh_p_ksads__suic__actv__plan__pres_dx,Merged in 7.0 BIDS: 1.0 and 2.0 pooled in the same column across waves (ses-00A/01A/02A = 1.0; ses-03A+ = 2.0). Legacy ksads_{V}_{id} item-ids are not exposed.,
suic,youth,"Suicidal ideation, active plan",present,mh_y_ksads__suic__actv__plan__pres_dx,Merged in 7.0 BIDS: 1.0 and 2.0 pooled in the same column across waves (ses-00A/01A/02A = 1.0; ses-03A+ = 2.0). Legacy ksads_{V}_{id} item-ids are not exposed.,
suic,parent,"Suicidal ideation, passive",past,mh_p_ksads__suic__pass__past_dx,Merged in 7.0 BIDS: 1.0 and 2.0 pooled in the same column across waves (ses-00A/01A/02A = 1.0; ses-03A+ = 2.0). Legacy ksads_{V}_{id} item-ids are not exposed.,
suic,youth,"Suicidal ideation, passive",past,mh_y_ksads__suic__pass__past_dx,Merged in 7.0 BIDS: 1.0 and 2.0 pooled in the same column across waves (ses-00A/01A/02A = 1.0; ses-03A+ = 2.0). Legacy ksads_{V}_{id} item-ids are not exposed.,
suic,parent,"Suicidal ideation, passive",present,mh_p_ksads__suic__pass__pres_dx,Merged in 7.0 BIDS: 1.0 and 2.0 pooled in the same column across waves (ses-00A/01A/02A = 1.0; ses-03A+ = 2.0). Legacy ksads_{V}_{id} item-ids are not exposed.,
suic,youth,"Suicidal ideation, passive",present,mh_y_ksads__suic__pass__pres_dx,Merged in 7.0 BIDS: 1.0 and 2.0 pooled in the same column across waves (ses-00A/01A/02A = 1.0; ses-03A+ = 2.0). Legacy ksads_{V}_{id} item-ids are not exposed.,
suic,parent,Suicide attempt,past,mh_p_ksads__suic__atmpt__past_dx,Merged in 7.0 BIDS: 1.0 and 2.0 pooled in the same column across waves (ses-00A/01A/02A = 1.0; ses-03A+ = 2.0). Legacy ksads_{V}_{id} item-ids are not exposed.,
suic,youth,Suicide attempt,past,mh_y_ksads__suic__atmpt__past_dx,Merged in 7.0 BIDS: 1.0 and 2.0 pooled in the same column across waves (ses-00A/01A/02A = 1.0; ses-03A+ = 2.0). Legacy ksads_{V}_{id} item-ids are not exposed.,
suic,parent,Suicide attempt,present,mh_p_ksads__suic__atmpt__pres_dx,Merged in 7.0 BIDS: 1.0 and 2.0 pooled in the same column across waves (ses-00A/01A/02A = 1.0; ses-03A+ = 2.0). Legacy ksads_{V}_{id} item-ids are not exposed.,
suic,youth,Suicide attempt,present,mh_y_ksads__suic__atmpt__pres_dx,Merged in 7.0 BIDS: 1.0 and 2.0 pooled in the same column across waves (ses-00A/01A/02A = 1.0; ses-03A+ = 2.0). Legacy ksads_{V}_{id} item-ids are not exposed.,
tic,parent,Persistent,present,mh_p_ksads__tic__perst__pres_dx,Merged in 7.0 BIDS: 1.0 and 2.0 pooled in the same column across waves (ses-00A/01A/02A = 1.0; ses-03A+ = 2.0). Legacy ksads_{V}_{id} item-ids are not exposed.,
tic,parent,Persistent,remission,mh_p_ksads__tic__perst__nosymp__rem_dx,Merged in 7.0 BIDS: 1.0 and 2.0 pooled in the same column across waves (ses-00A/01A/02A = 1.0; ses-03A+ = 2.0). Legacy ksads_{V}_{id} item-ids are not exposed.,
tic,parent,Provisional tic disorder,present,mh_p_ksads__tic__prov__pres_dx,Merged in 7.0 BIDS: 1.0 and 2.0 pooled in the same column across waves (ses-00A/01A/02A = 1.0; ses-03A+ = 2.0). Legacy ksads_{V}_{id} item-ids are not exposed.,
tic,parent,Tourette's disorder,present,mh_p_ksads__tic__ts__pres_dx,Merged in 7.0 BIDS: 1.0 and 2.0 pooled in the same column across waves (ses-00A/01A/02A = 1.0; ses-03A+ = 2.0). Legacy ksads_{V}_{id} item-ids are not exposed.,
tic,parent,"Tourette's disorder, no symptoms since X",remission,mh_p_ksads__tic__ts__nosymp__rem_dx,Merged in 7.0 BIDS: 1.0 and 2.0 pooled in the same column across waves (ses-00A/01A/02A = 1.0; ses-03A+ = 2.0). Legacy ksads_{V}_{id} item-ids are not exposed.,
tic,parent,Unspecified tic disorder,past,mh_p_ksads__tic__unspec__past_dx,Merged in 7.0 BIDS: 1.0 and 2.0 pooled in the same column across waves (ses-00A/01A/02A = 1.0; ses-03A+ = 2.0). Legacy ksads_{V}_{id} item-ids are not exposed.,
tic,parent,Unspecified tic disorder,present,mh_p_ksads__tic__unspec__pres_dx,Merged in 7.0 BIDS: 1.0 and 2.0 pooled in the same column across waves (ses-00A/01A/02A = 1.0; ses-03A+ = 2.0). Legacy ksads_{V}_{id} item-ids are not exposed.,
