group,session,wave_label,in_design,n_total,n_administered,n_present,pct_555,pct_not_assessed,state
Mood,ses-00A,Baseline,True,11719,11705,437,0.0,0.1,administered_cases
Mood,ses-01A,Y1,False,11075,0,0,0.0,100.0,not_administered
Mood,ses-02A,Y2,True,10743,10739,251,0.0,0.0,administered_cases
Mood,ses-03A,Y3,False,9990,0,0,0.0,100.0,not_administered
Mood,ses-04A,Y4,True,8400,8400,94,0.0,0.0,administered_cases
Mood,ses-05A,Y5,False,8056,0,0,0.0,100.0,not_administered
Mood,ses-06A,Y6,True,9284,9284,120,0.0,0.0,administered_cases
Mood,ses-07A,Y7,False,8321,0,0,0.0,100.0,not_administered
Anxiety,ses-00A,Baseline,True,11719,11705,1188,0.0,0.1,administered_cases
Anxiety,ses-01A,Y1,False,11075,0,0,100.0,100.0,not_administered
Anxiety,ses-02A,Y2,True,10743,10739,871,0.0,0.0,administered_cases
Anxiety,ses-03A,Y3,False,9990,0,0,100.0,100.0,not_administered
Anxiety,ses-04A,Y4,True,8400,8400,705,0.0,0.0,administered_cases
Anxiety,ses-05A,Y5,False,8056,0,0,100.0,100.0,not_administered
Anxiety,ses-06A,Y6,True,9284,9284,487,0.0,0.0,administered_cases
Anxiety,ses-07A,Y7,False,8321,0,0,100.0,100.0,not_administered
Externalizing,ses-00A,Baseline,True,11719,11705,1406,0.0,0.1,administered_cases
Externalizing,ses-01A,Y1,False,11083,11074,1414,0.0,0.1,administered_cases
Externalizing,ses-02A,Y2,True,10743,10739,1032,0.0,0.0,administered_cases
Externalizing,ses-03A,Y3,False,9996,9990,683,0.0,0.1,administered_cases
Externalizing,ses-04A,Y4,True,8400,8400,814,0.0,0.0,administered_cases
Externalizing,ses-05A,Y5,False,8056,0,0,100.0,100.0,not_administered
Externalizing,ses-06A,Y6,True,9284,9284,640,0.0,0.0,administered_cases
Externalizing,ses-07A,Y7,False,8321,8321,675,0.0,0.0,administered_cases
DMDD,ses-00A,Baseline,True,11708,11705,8,0.0,0.0,administered_cases
DMDD,ses-01A,Y1,False,11074,0,0,100.0,100.0,not_administered
DMDD,ses-02A,Y2,True,10740,10739,3,0.0,0.0,administered_cases
DMDD,ses-03A,Y3,False,9990,0,0,100.0,100.0,not_administered
DMDD,ses-04A,Y4,True,8400,8400,40,0.0,0.0,administered_cases
DMDD,ses-05A,Y5,False,8056,0,0,100.0,100.0,not_administered
DMDD,ses-06A,Y6,True,9284,9284,20,0.0,0.0,administered_cases
DMDD,ses-07A,Y7,False,8321,0,0,100.0,100.0,not_administered
OCD,ses-00A,Baseline,True,11719,11705,897,0.0,0.1,administered_cases
OCD,ses-01A,Y1,False,11075,0,0,100.0,100.0,not_administered
OCD,ses-02A,Y2,True,10743,10739,661,0.0,0.0,administered_cases
OCD,ses-03A,Y3,False,9990,0,0,100.0,100.0,not_administered
OCD,ses-04A,Y4,True,8400,8400,214,0.0,0.0,administered_cases
OCD,ses-05A,Y5,False,8056,0,0,100.0,100.0,not_administered
OCD,ses-06A,Y6,True,9284,9284,241,0.0,0.0,administered_cases
OCD,ses-07A,Y7,False,8321,0,0,100.0,100.0,not_administered
PTSD,ses-00A,Baseline,True,11719,11705,0,0.0,0.1,administered_zero
PTSD,ses-01A,Y1,False,11075,0,0,100.0,100.0,not_administered
PTSD,ses-02A,Y2,True,10743,10739,0,0.0,0.0,administered_zero
PTSD,ses-03A,Y3,False,9990,0,0,100.0,100.0,not_administered
PTSD,ses-04A,Y4,True,8400,8400,9,0.0,0.0,administered_cases
PTSD,ses-05A,Y5,False,8056,0,0,100.0,100.0,not_administered
PTSD,ses-06A,Y6,True,9284,9284,9,0.0,0.0,administered_cases
PTSD,ses-07A,Y7,False,8321,0,0,100.0,100.0,not_administered
Psychosis,ses-00A,Baseline,True,11719,11705,33,0.0,0.1,administered_cases
Psychosis,ses-01A,Y1,False,11083,11074,57,0.0,0.1,administered_cases
Psychosis,ses-02A,Y2,True,10743,10739,34,0.0,0.0,administered_cases
Psychosis,ses-03A,Y3,False,9996,9990,7,0.0,0.1,administered_cases
Psychosis,ses-04A,Y4,True,8400,8400,14,0.0,0.0,administered_cases
Psychosis,ses-05A,Y5,False,8056,0,0,0.0,100.0,not_administered
Psychosis,ses-06A,Y6,True,9284,9284,15,0.0,0.0,administered_cases
Psychosis,ses-07A,Y7,False,8321,8321,18,0.0,0.0,administered_cases
ASD,ses-00A,Baseline,True,11719,0,0,0.0,100.0,not_administered
ASD,ses-01A,Y1,False,11075,0,0,0.0,100.0,not_administered
ASD,ses-02A,Y2,True,10743,0,0,0.0,100.0,not_administered
ASD,ses-03A,Y3,False,9990,0,0,100.0,100.0,not_administered
ASD,ses-04A,Y4,True,8400,8400,0,0.0,0.0,administered_zero
ASD,ses-05A,Y5,False,8056,0,0,100.0,100.0,not_administered
ASD,ses-06A,Y6,True,9284,0,0,100.0,100.0,not_administered
ASD,ses-07A,Y7,False,8321,0,0,100.0,100.0,not_administered
Eating,ses-00A,Baseline,True,11719,11705,81,0.0,0.1,administered_cases
Eating,ses-01A,Y1,False,11083,11074,112,0.0,0.1,administered_cases
Eating,ses-02A,Y2,True,10743,10739,118,0.0,0.0,administered_cases
Eating,ses-03A,Y3,False,9996,9990,83,0.0,0.1,administered_cases
Eating,ses-04A,Y4,True,8400,8400,92,0.0,0.0,administered_cases
Eating,ses-05A,Y5,False,8056,0,0,100.0,100.0,not_administered
Eating,ses-06A,Y6,True,9284,9284,108,0.0,0.0,administered_cases
Eating,ses-07A,Y7,False,8321,8321,98,0.0,0.0,administered_cases
Tics,ses-00A,Baseline,True,11705,0,0,0.0,100.0,not_administered
Tics,ses-01A,Y1,False,11074,0,0,0.0,100.0,not_administered
Tics,ses-02A,Y2,True,10739,0,0,0.0,100.0,not_administered
Tics,ses-03A,Y3,False,9996,9990,139,0.0,0.1,administered_cases
Tics,ses-04A,Y4,True,8400,8400,384,0.0,0.0,administered_cases
Tics,ses-05A,Y5,False,8056,0,0,100.0,100.0,not_administered
Tics,ses-06A,Y6,True,9284,9284,341,0.0,0.0,administered_cases
Tics,ses-07A,Y7,False,8321,0,0,100.0,100.0,not_administered
